{"cameraMode":{"drawMode":0,"name":"Shaded","section":"Shading Mode"},"sceneLighting":false,"audioPlay":false,"sceneViewState":{"showFog":true,"showMaterialUpdate":false,"showSkybox":false,"showFlares":true,"showImageEffects":true,"showParticleSystems":true},"in2DMode":false,"pivot":{"x":0.19219166040420533,"y":0.12893345952033997,"z":0.3506016731262207},"rotation":{"x":0.11420547217130661,"y":-0.02840835228562355,"z":0.0032847230322659017,"w":0.993068516254425},"size":0.6015126705169678,"orthographic":false}