{"cameraMode":{"drawMode":0,"name":"Shaded","section":"Shading Mode"},"sceneLighting":false,"audioPlay":false,"sceneViewState":{"showFog":true,"showMaterialUpdate":false,"showSkybox":false,"showFlares":true,"showImageEffects":true,"showParticleSystems":true},"in2DMode":false,"pivot":{"x":2.1654317378997804,"y":2.0050454139709474,"z":0.6379580497741699},"rotation":{"x":-0.00022762402659282088,"y":-0.9997101426124573,"z":0.010806933976709843,"w":-0.02239089272916317},"size":7.739187240600586,"orthographic":true}