{"cameraMode":{"drawMode":0,"name":"Shaded","section":"Shading Mode"},"sceneLighting":false,"audioPlay":false,"sceneViewState":{"showFog":true,"showMaterialUpdate":false,"showSkybox":false,"showFlares":true,"showImageEffects":true,"showParticleSystems":true},"in2DMode":false,"pivot":{"x":-1.3270000219345093,"y":0.9195653200149536,"z":0.16133713722229005},"rotation":{"x":-0.035372715443372729,"y":-0.9599709510803223,"z":-0.14233553409576417,"w":0.23878705501556397},"size":4.494190216064453,"orthographic":false}